provider_id,qr_rating,program_type,provider_type,provider_id_source,name_academy,name_early_head_start,name_head_start,name_learning_center,name_preschool,geo_region,name_other
157,5,Group,Group Home Child Care,license,,,,,,region_3,
121,4,Center,Child Care Center,license,,,Head Start,,,region_3,
74,2,Center,Child Care Center,license,,,,Learning Center,,region_3,
6,3,Center,Group Home Child Care,license,,Early Head Start,Head Start,,,region_4,
96,3,Center,Child Care Center,license,,,Head Start,,,region_4,
125,3,Group,Group Home Child Care,license,,,,,,region_4,
20,3,Group,Group Home Child Care,license,,,,Learning Center,,region_1,
25,3,Family,Family Home Child Care,license,,,,,,region_5,
104,2,Group,Child Care Center,license,,,,,,region_7,
123,2,Group,,synthetic,,,,,Preschool,region_7,
165,5,Group,Group Home Child Care,license,,,,,,region_7,
52,4,Family,Family Home Child Care,license,,,,,Preschool,region_7,
42,4,Center,Child Care Center,license,,Early Head Start,Head Start,,,region_7,
131,3,Center,Child Care Center,license,,Early Head Start,Head Start,,,region_7,
184,3,Center,Child Care Center,license,,,,,,region_7,
166,3,Center,Child Care Center,license,,,,,,region_7,other
152,2,Center,Child Care Center,license,,,,,,region_7,
82,2,Center,,synthetic,,,,,,region_7,
8,2,Center,Child Care Center,license,,,,,,region_7,other
44,2,Family,Family Home Child Care,license,,,,,,region_7,
13,1,Center,,synthetic,Academy,,,,,region_7,
115,1,Center,,synthetic,Academy,,,,,region_7,
187,1,Group,,synthetic,,,,,Preschool,region_7,
86,5,Family,Family Home Child Care,license,,,,,,region_4,
11,4,Center,Child Care Center,license,,,,,,region_4,other
40,4,Center,Child Care Center,license,,,,,,region_4,other
59,4,Center,Child Care Center,license,,,Head Start,,,region_4,
5,4,Group,Group Home Child Care,license,,,,,,region_4,
154,3,Center,Child Care Center,license,,,,,,region_4,other
177,2,Center,,synthetic,,,,Learning Center,,region_4,other
48,2,Group,,synthetic,,,,,,region_4,
205,2,Center,Child Care Center,license,,,,,,region_4,
126,1,Center,Child Care Center,license,,,,,,region_4,
107,1,Center,Child Care Center,license,,,,,,region_4,
99,1,Center,,synthetic,,,,,,region_4,
158,4,Center,Child Care Center,license,,Early Head Start,Head Start,,,region_3,
55,4,Group,Group Home Child Care,license,,,,,,region_3,
43,2,Group,Group Home Child Care,license,,,,,,region_3,
92,2,Center,Child Care Center,license,,,,,,region_3,
197,2,Center,,synthetic,,,,,,region_3,
149,2,Center,Child Care Center,license,,,,,Preschool,region_3,
67,2,Center,Child Care Center,license,,,,,,region_3,
105,2,Group,Group Home Child Care,license,,,,,,region_3,
60,2,Group,Group Home Child Care,license,,,,,,region_3,
195,2,Group,,synthetic,,,,,,region_3,
111,2,Group,Group Home Child Care,license,,,,,,region_3,
155,2,Group,,synthetic,,,,,,region_3,
46,2,Center,Child Care Center,license,,,,,,region_3,
156,2,Group,Group Home Child Care,license,,,,,,region_3,
32,2,Center,Child Care Center,license,,,,,,region_3,
139,2,Center,Child Care Center,license,,,,,,region_6,
113,2,Group,Group Home Child Care,license,,,,,,region_6,
159,4,Group,Family Home Child Care,license,,,,,,region_1,
204,3,Center,Child Care Center,license,,,,,Preschool,region_2,
93,3,Group,Group Home Child Care,license,,,,,,region_3,
169,2,Group,Child Care Center,license,,,,Learning Center,,region_3,
147,2,Group,Group Home Child Care,license,,,,,,region_5,other
58,2,Group,Group Home Child Care,license,,,,,,region_3,
193,5,Group,Group Home Child Care,license,,,,,,region_4,
145,5,Group,,synthetic,,,,,,region_4,
150,5,Center,,synthetic,,,,,,region_4,
80,4,Center,Child Care Center,license,,,,,,region_4,
142,3,Center,Child Care Center,license,,,,,,region_4,
172,2,Center,Child Care Center,license,,,,,,region_3,
188,2,Group,,synthetic,,,,,,region_5,
212,3,Center,Child Care Center,license,,,,,,region_7,
122,2,Center,Child Care Center,license,,,,,,region_6,
200,2,Center,Child Care Center,license,,,Head Start,,,region_6,
110,4,Group,Group Home Child Care,license,,,,,,region_5,
21,4,Center,Child Care Center,license,,,,,Preschool,region_5,
203,4,Center,Child Care Center,license,,,,,,region_5,
2,4,Center,Child Care Center,license,,,,Learning Center,,region_5,
62,4,Center,Child Care Center,license,,,,,Preschool,region_5,
196,4,Center,Child Care Center,license,Academy,,,,,region_5,
19,4,Center,,synthetic,,,,,,region_5,
185,4,Center,,synthetic,,,,,,region_5,
143,4,Center,Child Care Center,license,,,,,,region_5,
173,3,Group,Group Home Child Care,license,,,,,,region_5,
194,3,Center,Child Care Center,license,Academy,,,,,region_5,
132,3,Group,Child Care Center,license,,,,,,region_5,
85,3,Center,Child Care Center,license,,,,,,region_5,
65,3,Center,Child Care Center,license,,,,,Preschool,region_5,
153,3,Group,Family Home Child Care,license,,,,,,region_5,
108,3,Center,Child Care Center,license,,,,,Preschool,region_5,
136,3,Center,Child Care Center,license,,,,,,region_5,
207,2,Center,,synthetic,,,,,,region_5,
30,2,Center,Child Care Center,license,,,,,,region_5,
199,2,Family,Family Home Child Care,license,,,,,,region_5,
181,2,Center,,synthetic,,Early Head Start,Head Start,,,region_5,
9,2,Center,Child Care Center,license,,,,,Preschool,region_5,
186,2,Center,Child Care Center,license,,Early Head Start,Head Start,,,region_2,
4,3,Group,Group Home Child Care,license,,,,,,region_6,
31,3,Group,Group Home Child Care,license,,,,,,region_6,
151,3,Group,Group Home Child Care,license,,,,,,region_6,
127,3,Group,,synthetic,,,,,,region_6,
98,3,Center,Child Care Center,license,,,,,,region_6,
41,3,Center,Child Care Center,license,,,,,,region_6,
202,3,Center,Child Care Center,license,,,,,,region_6,
7,3,Center,Child Care Center,license,,Early Head Start,Head Start,,,region_6,other
129,2,Center,Child Care Center,license,,,,,,region_6,
54,2,Group,Group Home Child Care,license,,,,,,region_6,
180,5,Group,Group Home Child Care,license,Academy,,,,,region_4,
15,5,Center,,synthetic,,,,,,region_4,
50,5,Center,,synthetic,,,,,,region_4,
70,5,Center,,synthetic,,,,,,region_4,
37,5,Center,,synthetic,,,,,,region_4,
106,4,Center,Child Care Center,license,,,,,,region_4,
45,4,Center,,synthetic,,,,,,region_4,
68,4,Center,Child Care Center,license,,,,,,region_4,
179,4,Center,Child Care Center,license,,,,,,region_4,
135,4,Center,Child Care Center,license,,,,,Preschool,region_4,
112,4,Group,Family Home Child Care,license,,,,,,region_4,
24,3,Center,Child Care Center,license,,,,,,region_4,
88,3,Family,,synthetic,,,,,,region_4,
84,2,Center,Child Care Center,license,,,,,,region_4,
130,2,Center,,synthetic,,,,,Preschool,region_2,
178,2,Center,Child Care Center,license,,,,,,region_4,
209,2,Center,,synthetic,,,,,,region_4,
183,5,Center,Child Care Center,license,,,,,,region_1,
174,3,Group,,synthetic,,,,,Preschool,region_1,
109,3,Center,Child Care Center,license,,,,,,region_1,
87,3,Center,Child Care Center,license,,,,,,region_1,
83,3,Center,,synthetic,,,,,,region_1,
170,3,Group,Family Home Child Care,license,,,,,,region_1,
66,3,Center,Child Care Center,license,,,,,,region_1,other
12,2,Group,Family Home Child Care,license,,,,,Preschool,region_1,
38,2,Center,,synthetic,,,,,,region_1,
23,2,Group,Group Home Child Care,license,,,,,Preschool,region_1,
47,2,Group,Group Home Child Care,license,,,,,,region_6,
35,4,Center,Child Care Center,license,,,,,,region_5,
208,3,Center,,synthetic,,,Head Start,,,region_1,
97,4,Center,,synthetic,,,Head Start,,,region_4,
72,3,Center,,synthetic,,,,Learning Center,,region_4,
73,5,Center,Child Care Center,license,,,,,Preschool,region_2,
76,4,Group,,synthetic,,,,,,region_2,
49,3,Group,Group Home Child Care,license,,,,,,region_2,
192,3,Center,Child Care Center,license,,,Head Start,,,region_6,
146,2,Center,,synthetic,,,,Learning Center,,region_4,other
118,5,Center,Child Care Center,license,,,,,Preschool,region_2,
124,4,Group,Group Home Child Care,license,,,,,,region_2,
14,4,Center,Child Care Center,license,,,,,,region_2,
63,4,Center,Child Care Center,license,,,,,,region_2,other
148,4,Group,Group Home Child Care,license,,,,,Preschool,region_2,
144,4,Group,,synthetic,,,,,Preschool,region_2,
56,4,Center,Child Care Center,license,,,,,,region_2,
79,4,Group,,synthetic,,,,,,region_2,
176,3,Center,Child Care Center,license,,,,,,region_2,
182,3,Group,Group Home Child Care,license,,,,,,region_2,
81,3,Center,Child Care Center,license,,,,,,region_2,
64,3,Center,Child Care Center,license,,,,Learning Center,,region_2,other
161,2,Center,Child Care Center,license,,,,,,region_2,
39,2,Group,,synthetic,,,,,,region_2,
101,2,Center,Child Care Center,license,,,,,,region_2,
138,2,Center,Child Care Center,license,,Early Head Start,Head Start,,,region_2,
191,2,Group,Group Home Child Care,license,,,,,,region_2,
78,2,Group,Group Home Child Care,license,,,,,Preschool,region_2,
164,2,Center,Child Care Center,license,,,,,Preschool,region_2,other
69,2,Center,,synthetic,,,,,Preschool,region_2,other
53,4,Center,,synthetic,,,,,,region_1,
51,2,Group,,synthetic,,,,,,region_3,
120,2,Group,Child Care Center,license,,,,,,region_3,
128,2,Group,Group Home Child Care,license,,,,,,region_6,
116,2,Group,Group Home Child Care,license,,,,,,region_6,
36,4,Family,Family Home Child Care,license,,,,,,region_1,
10,3,Center,Child Care Center,license,,,,Learning Center,,region_1,
190,2,Group,Group Home Child Care,license,,,,,Preschool,region_7,
94,4,Group,Group Home Child Care,license,,,,,,region_1,
29,2,Group,,synthetic,,,,,,region_6,
1,4,Center,,synthetic,,,,,,region_7,
114,2,Group,Group Home Child Care,license,,,,,,region_3,
198,3,Group,Family Home Child Care,license,,,,,,region_6,
137,2,Group,Group Home Child Care,license,,,,,,region_6,
201,2,Center,Child Care Center,license,,,,,Preschool,region_6,
141,5,Center,,synthetic,,,,,,region_4,
168,3,Center,,synthetic,,,Head Start,,,region_1,
160,2,Group,Group Home Child Care,license,,,,,,region_3,
75,2,Center,Child Care Center,license,,,,Learning Center,,region_4,
162,2,Center,Child Care Center,license,,,,,,region_1,
163,2,Group,Group Home Child Care,license,,,,,,region_1,
34,5,Group,Child Care Center,license,,,,,,region_4,
167,5,Center,,synthetic,,,,,,region_4,
