provider_id,qr_rating,permit_type,facility_type,capacity,head_start,first_steps,breastfeeding_friendly,sleep_safe,geo_county
932,5,Not Licensed (Exempt),Legally Exempt Program,,False,False,False,False,county_40
1658,4,Not Licensed (Exempt),Legally Exempt Program,,False,False,False,False,county_5
2259,2,Not Licensed (Exempt),Legally Exempt Program,,False,False,False,False,county_11
1863,1,Not Licensed (Exempt),Legally Exempt Program,,False,False,False,False,county_40
245,1,Not Licensed (Exempt),Legally Exempt Program,,False,False,False,False,county_29
180,1,Not Licensed (Exempt),Legally Exempt Program,,False,False,False,False,county_30
2204,4,Not Licensed (Exempt),Legally Exempt Program,,False,False,False,False,county_5
1233,2,Not Licensed (Exempt),Legally Exempt Program,,False,False,False,False,county_23
90,2,Not Licensed (Exempt),Legally Exempt Program,,False,False,False,False,county_11
2024,2,Not Licensed (Exempt),Legally Exempt Program,,False,False,False,False,county_37
2006,2,Not Licensed (Exempt),Legally Exempt Program,,False,False,False,False,county_8
1445,3,Not Licensed (Exempt),Legally Exempt Program,,False,False,False,False,county_11
1613,2,Not Licensed (Exempt),Legally Exempt Program,,False,False,False,False,county_12
1900,1,Not Licensed (Exempt),Legally Exempt Program,,False,False,False,False,county_9
1353,3,Not Licensed (Exempt),Legally Exempt Program,,False,False,False,False,county_6
2162,1,Not Licensed (Exempt),Legally Exempt Program,,False,False,False,False,county_9
913,2,Not Licensed (Exempt),Legally Exempt Program,,False,False,False,False,county_11
1485,1,Not Licensed (Exempt),Legally Exempt Program,,False,False,False,False,county_0
446,3,Not Licensed (Exempt),Legally Exempt Program,,False,False,False,False,county_5
945,4,Not Licensed (Exempt),Legally Exempt Program,,False,False,False,False,county_40
2072,4,Not Licensed (Exempt),Legally Exempt Program,,False,False,False,False,county_5
1216,1,Not Licensed (Exempt),Legally Exempt Program,,False,False,False,False,county_30
2276,5,Not Licensed (Exempt),Legally Exempt Program,,False,False,False,False,county_40
1977,1,Not Licensed (Exempt),Legally Exempt Program,,False,False,False,False,county_18
538,1,Not Licensed (Exempt),Legally Exempt Program,,False,False,False,False,county_37
1286,1,Not Licensed (Exempt),Legally Exempt Program,,False,False,False,False,county_30
1489,4,Not Licensed (Exempt),Legally Exempt Program,,False,False,False,False,county_5
1484,4,Not Licensed (Exempt),Legally Exempt Program,,False,False,False,False,county_5
199,2,Not Licensed (Exempt),Legally Exempt Program,,False,False,False,False,county_11
1705,1,Not Licensed (Exempt),Legally Exempt Program,,False,False,False,False,county_0
1545,1,Not Licensed (Exempt),Legally Exempt Program,,False,False,False,False,county_17
361,3,Not Licensed (Exempt),Legally Exempt Program,,False,False,False,False,county_5
1084,1,Not Licensed (Exempt),Legally Exempt Program,,False,False,False,False,county_17
1810,1,Not Licensed (Exempt),Legally Exempt Program,,False,False,False,False,county_18
2025,1,Not Licensed (Exempt),Legally Exempt Program,,False,False,False,False,county_0
145,4,Not Licensed (Exempt),Legally Exempt Program,,False,False,False,False,county_5
1512,1,Not Licensed (Exempt),Legally Exempt Program,,False,False,False,False,county_40
698,1,Not Licensed (Exempt),Legally Exempt Program,,False,False,False,False,county_14
994,1,Not Licensed (Exempt),Legally Exempt Program,,False,False,False,False,county_30
1042,3,Not Licensed (Exempt),Legally Exempt Program,,False,False,False,False,county_33
1807,2,Not Licensed (Exempt),Legally Exempt Program,,False,False,False,False,county_16
106,1,Not Licensed (Exempt),Legally Exempt Program,,False,False,False,False,county_23
1816,1,Not Licensed (Exempt),Legally Exempt Program,,False,False,False,False,county_23
1071,4,Not Licensed (Exempt),Legally Exempt Program,,False,False,False,False,county_5
84,2,Not Licensed (Exempt),Legally Exempt Program,,False,False,False,False,county_11
2099,4,Not Licensed (Exempt),Legally Exempt Program,,False,False,False,False,county_5
42,2,Not Licensed (Exempt),Legally Exempt Program,,False,False,False,False,county_40
176,1,Not Licensed (Exempt),Legally Exempt Program,,False,False,False,False,county_29
634,1,Not Licensed (Exempt),Legally Exempt Program,,False,False,False,False,county_29
409,1,Not Licensed (Exempt),Legally Exempt Program,,False,False,False,False,county_11
1031,1,Not Licensed (Exempt),Legally Exempt Program,,False,False,False,False,county_9
2195,1,Not Licensed (Exempt),Legally Exempt Program,,False,False,False,False,county_35
459,2,Not Licensed (Exempt),Legally Exempt Program,,False,False,False,False,county_16
1837,4,Not Licensed (Exempt),Legally Exempt Program,,False,False,False,False,county_5
1857,2,Not Licensed (Exempt),Legally Exempt Program,,False,False,False,False,county_11
2367,1,Not Licensed (Exempt),Legally Exempt Program,,False,False,False,False,county_10
896,1,Not Licensed (Exempt),Legally Exempt Program,,False,False,False,False,county_11
1919,4,Not Licensed (Exempt),Legally Exempt Program,,False,False,False,False,county_5
2372,1,Not Licensed (Exempt),Legally Exempt Program,,False,False,False,False,county_8
939,2,Not Licensed (Exempt),Legally Exempt Program,,False,False,False,False,county_25
1534,1,Not Licensed (Exempt),Legally Exempt Program,,False,False,False,False,county_26
438,3,Not Licensed (Exempt),Legally Exempt Program,,False,False,False,False,county_40
1852,2,Not Licensed (Exempt),Legally Exempt Program,,False,False,False,False,county_11
1851,1,Not Licensed (Exempt),Legally Exempt Program,,False,False,False,False,county_23
29,2,Not Licensed (Exempt),Legally Exempt Program,,False,False,False,False,county_11
462,1,Not Licensed (Exempt),Legally Exempt Program,,False,False,False,False,county_12
2312,2,Not Licensed (Exempt),Legally Exempt Program,,False,False,False,False,county_11
2176,4,Not Licensed (Exempt),Legally Exempt Program,,False,False,False,False,county_5
1688,3,Not Licensed (Exempt),Legally Exempt Program,,False,False,False,False,county_5
938,1,Not Licensed (Exempt),Legally Exempt Program,,False,False,False,False,county_34
990,1,Not Licensed (Exempt),Legally Exempt Program,,False,False,False,False,county_8
705,2,License,Child Care Center,91,False,False,True,False,county_9
340,3,Registration,Family Child Care Home,6,False,False,False,False,county_32
1859,1,Registration,Family Child Care Home,6,False,False,False,False,county_3
1527,1,Registration,Family Child Care Home,6,False,False,False,False,county_18
297,1,Registration,Family Child Care Home,6,False,False,False,False,county_32
823,5,Approval,Child Care Center,280,True,False,False,False,county_16
2198,2,License,Child Care Center,60,False,False,False,False,county_28
179,3,License,Child Care Center,413,False,False,False,False,county_40
594,2,License,Child Care Center,40,False,False,False,False,county_11
126,2,License,Child Care Center,140,False,False,False,False,county_40
2207,1,License,Child Care Center,60,False,False,False,False,county_30
2120,1,License,Child Care Center,120,False,False,False,False,county_17
641,2,License,Child Care Center,196,False,False,False,False,county_40
1185,2,License,Child Care Center,146,False,False,False,False,county_28
264,3,License,Child Care Center,99,False,True,False,False,county_10
881,1,License,Child Care Center,198,False,False,False,False,county_6
1504,2,License,Child Care Center,139,False,True,False,False,county_38
129,2,License,Child Care Center,40,False,True,False,False,county_14
1033,5,License,Child Care Center,162,False,False,False,False,county_40
1400,2,License,Child Care Center,125,False,False,False,False,county_9
940,3,License,Child Care Center,173,False,False,False,False,county_5
461,5,License,Child Care Center,376,False,True,True,True,county_8
1429,2,License,Child Care Center,114,False,True,False,False,county_1
48,2,Approval,Child Care Center,46,True,False,False,False,county_35
1764,2,License,Child Care Center,166,False,True,False,False,county_8
206,1,License,Child Care Center,119,False,True,False,False,county_19
910,2,License,Child Care Center,116,False,False,False,False,county_1
1387,1,License,Child Care Center,271,False,False,False,False,county_17
1697,2,License,Child Care Center,118,False,True,False,False,county_40
486,2,License,Child Care Center,215,False,False,False,False,county_23
858,4,License,Child Care Center,80,False,False,False,False,county_40
1763,2,License,Child Care Center,115,False,False,False,False,county_28
1317,5,License,Child Care Center,150,False,False,True,True,county_11
154,3,License,Child Care Center,142,False,True,False,False,county_3
2046,5,License,Child Care Center,96,False,True,False,False,county_14
764,2,License,Child Care Center,70,False,False,False,False,county_28
1287,2,License,Child Care Center,114,False,True,False,False,county_28
1883,2,License,Child Care Center,110,False,True,False,False,county_11
620,2,License,Child Care Center,148,False,False,False,False,county_28
808,3,License,Child Care Center,135,False,True,False,True,county_24
288,2,License,Child Care Center,108,False,False,False,False,county_23
1981,1,License,Child Care Center,79,False,False,False,False,county_10
1899,3,License,Child Care Center,240,False,False,False,False,county_21
1638,2,License,Child Care Center,106,False,False,False,False,county_28
2294,4,License,Child Care Center,72,False,True,False,False,county_28
972,5,License,Child Care Center,60,False,False,False,False,county_33
307,1,License,Child Care Center,42,False,False,False,False,county_30
19,2,License,Child Care Center,67,False,False,False,False,county_23
2226,2,License,Child Care Center,51,False,False,False,False,county_30
2238,2,License,Child Care Center,127,False,False,False,False,county_40
256,5,License,Child Care Center,121,False,False,False,False,county_17
1912,1,License,Child Care Center,116,False,False,False,False,county_23
986,1,License,Child Care Center,41,False,False,False,False,county_11
192,5,License,Child Care Center,180,False,False,False,False,county_33
1955,3,License,Child Care Center,120,False,True,False,False,county_4
724,1,License,Child Care Center,40,False,False,False,False,county_24
622,3,License,Child Care Center,134,False,True,False,False,county_23
424,2,License,Child Care Center,127,False,True,False,False,county_9
1909,2,License,Child Care Center,127,False,False,False,False,county_9
1505,2,License,Child Care Center,147,False,True,False,False,county_17
1554,3,License,Child Care Center,35,False,False,False,False,county_28
626,2,License,Child Care Center,97,False,True,False,False,county_25
1875,2,License,Child Care Center,100,False,True,False,False,county_24
1692,1,License,Child Care Center,27,False,False,False,False,county_11
2281,5,License,Child Care Center,321,False,False,True,True,county_23
2088,2,License,Group Child Care Home,12,False,False,False,False,county_27
2057,2,License,Child Care Center,98,False,False,False,False,county_40
399,2,License,Group Child Care Home,12,False,False,False,False,county_1
1902,2,License,Child Care Center,104,False,False,False,False,county_21
2157,2,License,Group Child Care Home,12,False,False,False,False,county_23
2330,2,License,Group Child Care Home,12,False,False,False,False,county_16
329,5,License,Child Care Center,108,False,False,True,True,county_23
631,3,License,Child Care Center,109,False,True,False,False,county_1
505,3,License,Child Care Center,192,False,True,False,False,county_40
1015,2,License,Child Care Center,169,False,True,False,False,county_40
392,2,License,Child Care Center,169,False,True,False,False,county_23
557,3,License,Child Care Center,157,False,True,False,False,county_40
1934,2,License,Child Care Center,113,False,True,False,False,county_9
798,3,License,Child Care Center,113,False,True,False,False,county_11
525,2,License,Child Care Center,114,False,False,False,False,county_5
1369,2,License,Child Care Center,106,False,False,False,False,county_28
184,3,License,Child Care Center,100,False,True,False,False,county_40
293,3,License,Child Care Center,58,False,False,False,False,county_23
337,2,License,Child Care Center,58,False,False,False,False,county_30
591,2,License,Group Child Care Home,12,False,False,False,False,county_11
1222,2,License,Child Care Center,45,False,False,False,False,county_17
624,1,License,Child Care Center,144,False,False,False,False,county_28
725,2,License,Child Care Center,39,False,True,False,False,county_8
1710,1,License,Child Care Center,41,False,False,False,False,county_37
2200,2,License,Group Child Care Home,12,False,False,False,False,county_39
898,2,License,Child Care Center,130,False,True,False,False,county_18
1948,5,Approval,Child Care Center,188,True,False,False,False,county_30
1144,3,License,Child Care Center,57,False,True,False,False,county_17
683,3,License,Child Care Center,137,False,True,False,False,county_29
853,4,License,Child Care Center,130,False,False,False,False,county_40
1096,1,License,Child Care Center,65,False,False,False,False,county_33
2335,2,License,Child Care Center,54,False,True,False,False,county_40
710,2,License,Child Care Center,70,False,False,False,False,county_9
1018,2,License,Group Child Care Home,12,False,False,False,False,county_0
1007,3,License,Child Care Center,53,False,True,False,False,county_16
54,2,License,Child Care Center,87,False,True,False,False,county_10
193,2,License,Group Child Care Home,12,False,False,False,False,county_16
2008,1,License,Child Care Center,99,False,False,False,False,county_9
2324,3,License,Child Care Center,208,False,False,False,False,county_5
324,1,License,Child Care Center,109,False,False,False,False,county_34
2393,5,License,Child Care Center,228,False,False,False,False,county_9
498,2,License,Child Care Center,225,False,False,False,False,county_9
1544,1,License,Child Care Center,57,False,False,False,False,county_9
1394,2,License,Child Care Center,185,False,True,False,False,county_40
2351,1,License,Child Care Center,56,False,False,False,False,county_25
172,3,License,Child Care Center,100,False,False,False,False,county_9
1145,3,License,Child Care Center,141,False,True,False,False,county_23
1887,3,License,Group Child Care Home,12,False,False,False,False,county_11
1670,2,License,Group Child Care Home,12,False,False,False,False,county_15
2260,2,License,Child Care Center,172,False,True,False,False,county_37
2342,2,License,Child Care Center,129,False,True,False,False,county_30
1301,5,License,Child Care Center,138,False,False,False,False,county_19
1478,2,License,Child Care Center,100,False,False,False,False,county_3
1937,2,License,Child Care Center,129,False,True,False,False,county_17
1173,2,License,Child Care Center,56,False,False,False,False,county_33
1954,2,License,Child Care Center,242,False,False,False,False,county_9
2173,2,License,Child Care Center,134,False,False,False,False,county_14
1999,1,License,Child Care Center,151,False,True,False,False,county_40
115,1,License,Child Care Center,190,False,False,False,False,county_28
1944,2,License,Child Care Center,173,False,True,False,False,county_3
1683,3,License,Child Care Center,186,False,False,False,False,county_3
2270,1,License,Child Care Center,98,False,False,False,False,county_21
403,1,License,Group Child Care Home,12,False,False,False,False,county_16
1830,3,License,Child Care Center,180,False,False,False,False,county_28
2203,2,License,Child Care Center,103,False,True,False,False,county_40
1407,2,License,Group Child Care Home,12,False,False,False,False,county_11
2123,5,License,Child Care Center,79,False,True,True,False,county_23
218,1,License,Group Child Care Home,12,False,False,False,False,county_29
1151,2,License,Group Child Care Home,12,False,False,False,False,county_18
1104,1,License,Child Care Center,192,False,True,False,False,county_35
1110,1,License,Child Care Center,40,False,False,False,False,county_10
1795,2,License,Child Care Center,99,False,True,False,False,county_25
2231,2,License,Child Care Center,223,False,True,False,False,county_35
917,1,License,Child Care Center,40,False,False,False,False,county_11
1503,1,License,Group Child Care Home,12,False,False,False,False,county_11
1700,2,License,Child Care Center,139,False,False,False,False,county_17
1276,2,License,Child Care Center,190,False,True,False,False,county_9
422,2,License,Group Child Care Home,12,False,False,False,False,county_11
1872,2,License,Child Care Center,146,False,True,False,False,county_3
1140,5,License,Child Care Center,94,False,False,False,True,county_40
357,3,License,Child Care Center,73,False,True,False,False,county_23
2054,2,License,Group Child Care Home,12,False,False,False,False,county_34
1592,1,License,Child Care Center,171,False,False,False,False,county_14
258,2,License,Child Care Center,169,False,True,False,True,county_15
136,2,License,Child Care Center,116,False,True,False,False,county_0
989,3,License,Group Child Care Home,12,False,False,False,False,county_11
2251,3,License,Child Care Center,113,False,True,False,False,county_1
1221,3,License,Child Care Center,32,False,False,False,False,county_22
114,2,License,Child Care Center,36,False,False,False,False,county_37
1446,3,License,Child Care Center,25,False,False,False,False,county_39
365,3,License,Group Child Care Home,12,False,False,False,False,county_39
1010,5,License,Child Care Center,248,False,False,True,False,county_40
243,3,License,Child Care Center,54,False,False,False,False,county_1
2244,1,License,Child Care Center,39,False,False,False,False,county_17
237,1,License,Child Care Center,93,False,False,False,False,county_15
1259,2,License,Child Care Center,202,False,True,False,False,county_40
1245,1,License,Child Care Center,240,False,False,False,False,county_35
2190,2,License,Child Care Center,98,False,True,False,False,county_15
1158,2,License,Child Care Center,265,False,True,False,False,county_9
1137,1,License,Child Care Center,56,False,False,False,False,county_2
2236,2,License,Child Care Center,97,False,False,False,False,county_40
1547,3,License,Child Care Center,118,False,False,False,False,county_8
2387,1,License,Child Care Center,42,False,False,False,False,county_30
1460,3,License,Group Child Care Home,12,False,False,False,False,county_40
905,5,License,Child Care Center,242,False,False,False,False,county_40
452,2,License,Child Care Center,116,False,True,False,False,county_8
573,2,License,Group Child Care Home,12,False,False,False,False,county_33
1190,2,License,Child Care Center,248,False,False,False,False,county_17
765,1,License,Child Care Center,124,False,False,False,False,county_0
1841,2,License,Group Child Care Home,12,False,False,False,False,county_1
2332,3,License,Group Child Care Home,12,False,False,False,False,county_39
2318,1,License,Child Care Center,27,False,False,False,False,county_15
2300,2,License,Child Care Center,73,False,False,False,False,county_28
1966,4,License,Child Care Center,265,False,True,False,False,county_7
1942,3,License,Child Care Center,35,False,True,False,False,county_21
2092,1,License,Child Care Center,211,False,True,False,False,county_40
2029,4,License,Child Care Center,99,False,True,False,False,county_30
303,3,License,Child Care Center,80,False,False,False,False,county_9
2321,2,License,Child Care Center,187,False,False,False,False,county_28
1893,5,Approval,Child Care Center,76,False,False,False,True,county_40
371,1,License,Child Care Center,72,False,False,False,False,county_37
82,2,License,Child Care Center,95,False,True,False,False,county_10
502,2,License,Child Care Center,40,False,False,False,False,county_37
162,1,License,Child Care Center,65,False,False,False,False,county_9
1296,2,License,Child Care Center,114,False,False,False,False,county_8
1914,2,License,Child Care Center,127,False,True,False,False,county_1
2227,2,License,Family Child Care Home,6,False,False,False,False,county_11
1546,2,License,Child Care Center,74,False,False,False,False,county_25
229,2,License,Child Care Center,30,False,False,False,False,county_14
2377,2,License,Child Care Center,77,False,False,False,False,county_25
473,2,License,Child Care Center,279,False,True,False,False,county_11
637,5,License,Child Care Center,179,False,False,False,False,county_31
1745,2,License,Group Child Care Home,12,False,False,False,False,county_16
613,5,License,Child Care Center,412,False,False,False,False,county_1
1921,2,License,Child Care Center,166,False,False,False,False,county_40
2150,2,License,Child Care Center,63,False,True,False,True,county_11
1591,3,License,Group Child Care Home,12,False,False,False,False,county_40
1537,2,License,Child Care Center,143,False,False,False,False,county_40
1382,2,License,Child Care Center,99,False,False,False,False,county_25
2311,2,License,Child Care Center,100,False,False,False,False,county_35
2125,1,License,Child Care Center,185,False,True,False,False,county_38
1366,2,License,Child Care Center,39,False,True,False,False,county_11
2013,5,License,Child Care Center,130,False,True,False,False,county_17
2020,2,License,Child Care Center,216,False,False,False,False,county_30
923,2,License,Child Care Center,88,False,True,False,False,county_38
448,2,License,Child Care Center,208,False,True,False,False,county_30
30,1,License,Child Care Center,53,False,False,False,False,county_10
1647,2,License,Child Care Center,56,False,False,False,False,county_40
1183,1,License,Child Care Center,36,False,False,False,False,county_27
2383,1,License,Child Care Center,145,False,False,False,False,county_8
1946,3,License,Child Care Center,379,False,True,False,False,county_8
1182,2,License,Child Care Center,83,False,True,False,False,county_16
1617,2,License,Child Care Center,116,False,True,False,False,county_30
1571,3,Registration,Family Child Care Home,6,False,False,False,False,county_4
688,4,Approval,Child Care Center,60,True,False,False,False,county_33
2225,5,Approval,Child Care Center,273,True,False,False,False,county_17
1093,1,License,Child Care Center,131,False,False,False,False,county_30
1011,2,License,Group Child Care Home,12,False,False,False,False,county_14
1235,2,License,Child Care Center,224,False,True,False,False,county_30
1984,2,Approval,Child Care Center,459,True,False,True,False,county_28
2065,1,License,Group Child Care Home,12,False,False,False,False,county_18
1298,2,License,Group Child Care Home,12,False,False,False,False,county_14
284,4,License,Child Care Center,285,False,False,False,False,county_40
850,2,License,Child Care Center,164,False,True,False,False,county_13
1246,3,License,Child Care Center,233,False,False,False,False,county_5
1384,3,License,Child Care Center,302,False,False,False,False,county_8
859,2,License,Group Child Care Home,12,False,False,False,False,county_23
693,3,Approval,Child Care Center,20,True,False,False,False,county_5
933,3,License,Child Care Center,159,False,True,False,False,county_40
1449,3,License,Child Care Center,176,False,False,False,False,county_30
645,1,Registration,Family Child Care Home,6,False,False,False,False,county_8
253,2,License,Child Care Center,126,False,True,False,False,county_11
66,2,License,Child Care Center,339,False,False,False,False,county_17
1760,2,License,Child Care Center,20,False,False,False,False,county_5
719,5,License,Child Care Center,42,False,False,False,False,county_20
1113,4,License,Child Care Center,139,False,True,False,False,county_9
272,4,License,Child Care Center,79,False,False,False,False,county_17
527,1,Registration,Family Child Care Home,6,False,False,False,False,county_40
767,3,Registration,Family Child Care Home,6,False,False,False,False,county_2
1139,3,License,Child Care Center,136,False,True,False,False,county_23
506,1,License,Child Care Center,37,False,False,False,False,county_32
1105,3,License,Child Care Center,60,False,False,False,False,county_30
779,2,License,Child Care Center,224,False,True,False,False,county_30
921,1,Registration,Family Child Care Home,6,False,False,False,False,county_4
731,4,Approval,Child Care Center,91,True,False,False,False,county_4
2339,2,Approval,Child Care Center,40,True,False,False,False,county_14
69,3,License,Child Care Center,48,False,False,False,False,county_23
146,2,License,Family Child Care Home,6,False,False,False,False,county_35
1865,1,Registration,Family Child Care Home,6,False,False,False,False,county_25
110,1,License,Child Care Center,74,False,False,False,False,county_30
50,5,License,Child Care Center,120,False,False,False,False,county_29
2152,2,Approval,Child Care Center,92,False,False,False,False,county_9
1741,2,License,Child Care Center,88,False,True,False,False,county_10
828,1,License,Child Care Center,159,False,False,False,False,county_28
467,2,License,Child Care Center,60,False,False,False,False,county_38
1939,3,License,Child Care Center,66,False,False,True,False,county_1
1632,1,Registration,Family Child Care Home,6,False,False,False,False,county_22
780,1,License,Child Care Center,234,False,True,False,False,county_8
1054,5,Approval,Child Care Center,38,False,False,False,False,county_23
701,1,Registration,Family Child Care Home,6,False,False,False,False,county_33
2304,1,License,Child Care Center,339,False,False,False,False,county_40
1199,2,License,Group Child Care Home,12,False,False,False,False,county_0
2000,1,License,Child Care Center,92,False,False,False,False,county_25
870,2,Approval,Child Care Center,108,True,False,False,False,county_28
63,1,License,Child Care Center,136,False,False,False,False,county_38
673,3,License,Child Care Center,168,False,False,False,True,county_29
360,3,License,Child Care Center,66,False,True,False,False,county_5
892,3,License,Child Care Center,158,False,True,False,False,county_40
331,2,License,Child Care Center,128,False,True,False,False,county_37
1990,1,License,Child Care Center,49,False,False,False,False,county_7
2140,2,Registration,Family Child Care Home,6,False,False,False,False,county_0
1925,1,License,Child Care Center,73,False,False,False,False,county_7
1735,4,License,Child Care Center,83,False,True,False,False,county_36
1379,1,License,Child Care Center,40,False,False,False,False,county_2
2079,5,Approval,Child Care Center,71,False,False,False,False,county_4
1461,5,License,Child Care Center,73,False,False,False,False,county_3
2221,5,Approval,Child Care Center,60,True,False,False,False,county_29
326,3,License,Child Care Center,80,False,False,False,False,county_2
2017,1,Registration,Family Child Care Home,6,False,False,False,False,county_11
1623,1,Registration,Family Child Care Home,6,False,False,False,False,county_0
827,1,Registration,Family Child Care Home,5,False,False,False,False,county_17
581,1,License,Child Care Center,72,False,False,False,False,county_39
598,2,License,Child Care Center,106,False,True,False,False,county_23
2169,2,License,Child Care Center,119,False,False,False,False,county_29
696,3,Approval,Child Care Center,189,False,False,False,False,county_11
824,5,Approval,Child Care Center,94,False,False,False,False,county_33
1047,2,Registration,Family Child Care Home,6,False,False,False,False,county_1
94,1,License,Child Care Center,31,False,True,False,False,county_15
1132,2,License,Child Care Center,199,False,False,False,False,county_9
68,1,License,Child Care Center,69,False,False,False,False,county_38
1498,4,License,Child Care Center,68,False,True,False,False,county_9
1156,2,License,Child Care Center,63,False,False,False,False,county_37
667,3,License,Group Child Care Home,12,False,False,False,False,county_25
53,2,License,Child Care Center,52,False,False,False,False,county_3
596,1,License,Child Care Center,272,False,True,False,False,county_23
2122,1,Registration,Family Child Care Home,6,False,False,False,False,county_11
2191,2,License,Child Care Center,196,False,False,False,False,county_1
186,1,Registration,Family Child Care Home,6,False,False,False,False,county_28
2346,1,License,Child Care Center,161,False,False,False,False,county_9
1223,2,License,Group Child Care Home,12,False,False,False,False,county_0
2210,5,Approval,Child Care Center,93,True,False,False,False,county_39
607,1,Registration,Family Child Care Home,6,False,False,False,False,county_11
350,2,License,Child Care Center,127,False,False,False,False,county_28
612,1,License,Child Care Center,24,False,False,False,False,county_38
1136,1,License,Child Care Center,30,False,False,False,False,county_5
2109,1,Registration,Family Child Care Home,6,False,False,False,False,county_16
238,1,License,Child Care Center,120,False,False,False,False,county_40
805,2,License,Child Care Center,141,False,True,False,False,county_8
1309,2,License,Child Care Center,134,False,True,False,False,county_40
1357,1,License,Child Care Center,104,False,True,False,False,county_8
912,1,Registration,Family Child Care Home,6,False,False,False,False,county_5
2285,2,License,Child Care Center,100,False,True,False,False,county_33
1624,1,Registration,Family Child Care Home,5,False,False,False,False,county_35
507,1,License,Child Care Center,486,False,False,False,False,county_40
504,5,License,Child Care Center,135,False,False,False,False,county_40
2322,5,Approval,Child Care Center,264,True,False,False,False,county_7
489,1,License,Group Child Care Home,12,False,False,False,False,county_5
1706,1,License,Child Care Center,42,False,False,False,False,county_1
2288,4,License,Child Care Center,206,False,False,False,False,county_40
2073,1,License,Child Care Center,84,False,True,False,False,county_30
1652,3,License,Child Care Center,40,False,True,False,False,county_11
1968,5,Approval,Child Care Center,292,True,False,False,False,county_33
2245,1,Registration,Family Child Care Home,6,False,False,False,False,county_5
2205,1,Registration,Family Child Care Home,6,False,False,False,False,county_16
1165,1,License,Child Care Center,224,False,False,False,False,county_35
2011,1,Registration,Family Child Care Home,5,False,False,False,False,county_40
1517,1,Registration,Family Child Care Home,6,False,False,False,False,county_33
845,1,License,Child Care Center,41,False,False,False,False,county_18
2035,2,License,Child Care Center,139,False,True,False,False,county_40
2235,2,License,Child Care Center,62,False,True,False,False,county_25
929,2,License,Child Care Center,119,False,True,False,False,county_30
208,1,License,Child Care Center,91,False,False,False,False,county_13
1822,3,License,Child Care Center,338,False,True,False,False,county_33
1078,1,License,Child Care Center,108,False,False,False,False,county_1
821,2,Approval,Child Care Center,58,False,False,False,False,county_15
959,1,License,Child Care Center,52,False,False,False,False,county_9
1644,1,License,Child Care Center,25,False,False,False,False,county_5
1076,4,Approval,Child Care Center,102,True,False,False,False,county_16
979,5,Approval,Child Care Center,225,True,False,False,False,county_21
25,3,Approval,Child Care Center,21,True,False,False,False,county_17
877,3,License,Child Care Center,177,False,True,False,False,county_9
1828,2,Approval,Child Care Center,43,False,False,False,False,county_23
1390,5,Approval,Child Care Center,44,False,False,False,False,county_11
1596,1,License,Child Care Center,24,False,False,False,False,county_23
2316,1,License,Child Care Center,123,False,True,False,False,county_1
417,1,License,Child Care Center,94,False,False,False,False,county_28
1006,2,License,Child Care Center,50,False,False,False,False,county_36
1088,2,License,Child Care Center,66,False,False,False,False,county_14
2279,1,License,Child Care Center,170,False,True,False,False,county_35
956,1,License,Child Care Center,338,False,False,False,False,county_30
302,1,License,Child Care Center,152,False,False,False,False,county_9
379,1,License,Child Care Center,42,False,False,False,False,county_28
2187,1,License,Child Care Center,94,False,False,False,False,county_40
1690,1,License,Child Care Center,85,False,True,False,False,county_28
191,4,License,Child Care Center,77,False,True,False,False,county_40
1668,5,License,Child Care Center,186,False,False,False,True,county_9
1884,2,Approval,Child Care Center,230,True,False,False,False,county_25
638,1,Registration,Family Child Care Home,6,False,False,False,False,county_22
2282,1,License,Child Care Center,37,False,True,False,False,county_11
1495,4,Approval,Child Care Center,60,True,False,False,False,county_22
1469,3,Registration,Family Child Care Home,6,False,False,False,False,county_25
1713,1,Registration,Family Child Care Home,6,False,False,False,False,county_32
1153,3,Registration,Family Child Care Home,6,False,False,False,False,county_25
393,2,License,Child Care Center,68,False,False,False,False,county_9
1986,2,License,Child Care Center,96,False,True,False,False,county_32
714,3,License,Child Care Center,41,False,True,False,False,county_11
1642,1,License,Child Care Center,112,False,False,False,False,county_1
1640,1,License,Child Care Center,237,False,True,False,False,county_9
668,1,License,Child Care Center,48,False,False,False,False,county_30
80,1,License,Child Care Center,43,False,False,False,False,county_17
795,2,Approval,Child Care Center,172,True,False,False,False,county_1
1060,1,License,Child Care Center,132,False,False,False,False,county_9
216,3,License,Child Care Center,165,False,True,False,False,county_30
807,1,License,Child Care Center,73,False,False,False,False,county_29
1313,1,License,Child Care Center,29,False,False,False,False,county_29
512,3,Registration,Family Child Care Home,6,False,False,False,False,county_35
1058,2,License,Child Care Center,203,False,True,False,False,county_6
20,1,Registration,Family Child Care Home,6,False,False,False,False,county_26
1157,3,License,Child Care Center,77,False,True,False,False,county_30
2253,4,Approval,Child Care Center,60,True,False,False,False,county_22
1663,2,License,Child Care Center,60,False,True,False,False,county_23
831,2,License,Child Care Center,123,False,True,False,False,county_28
226,1,Registration,Family Child Care Home,6,False,False,False,False,county_25
2341,1,License,Child Care Center,35,False,False,False,False,county_28
1403,1,License,Child Care Center,106,False,False,False,False,county_29
782,1,Registration,Family Child Care Home,6,False,False,False,False,county_33
1213,5,Approval,Child Care Center,100,True,False,False,False,county_11
1016,5,Approval,Child Care Center,85,True,False,False,False,county_19
139,2,License,Child Care Center,56,False,True,False,False,county_30
415,1,License,Child Care Center,133,False,False,False,False,county_11
583,1,License,Child Care Center,137,False,True,False,False,county_6
533,1,License,Child Care Center,64,False,False,False,False,county_28
820,1,Approval,Child Care Center,199,True,False,False,False,county_28
2032,1,License,Child Care Center,92,False,False,False,False,county_2
1911,3,Approval,Child Care Center,200,True,False,False,False,county_1
2026,1,Approval,Child Care Center,20,True,False,False,False,county_1
210,1,License,Child Care Center,370,False,False,False,False,county_24
520,4,Approval,Child Care Center,80,True,False,False,False,county_1
1846,1,Approval,Child Care Center,20,True,False,False,False,county_1
385,1,Registration,Family Child Care Home,6,False,False,False,False,county_21
1826,1,License,Child Care Center,354,False,False,False,False,county_29
2132,2,License,Child Care Center,99,False,False,False,False,county_15
1520,1,Registration,Family Child Care Home,6,False,False,False,False,county_11
2112,2,Registration,Family Child Care Home,6,False,False,False,False,county_8
2023,3,License,Child Care Center,20,False,False,False,False,county_8
924,2,License,Child Care Center,341,False,False,False,False,county_30
476,2,Approval,Child Care Center,53,True,False,False,False,county_1
745,1,Approval,Child Care Center,80,True,False,False,False,county_37
2380,2,Approval,Child Care Center,41,False,False,False,False,county_40
1607,2,Approval,Child Care Center,180,True,False,False,False,county_14
2211,1,License,Child Care Center,51,False,False,False,False,county_39
1426,1,Registration,Family Child Care Home,6,False,False,False,False,county_28
1186,1,Approval,Child Care Center,20,True,False,False,False,county_5
1575,2,License,Child Care Center,125,False,True,False,False,county_8
2295,2,License,Child Care Center,108,False,True,False,False,county_9
1399,1,License,Child Care Center,113,False,False,False,False,county_26
1195,2,License,Child Care Center,210,False,True,False,False,county_28
1873,1,Registration,Family Child Care Home,5,False,False,False,False,county_40
1236,1,Registration,Family Child Care Home,6,False,False,False,False,county_11
1330,2,License,Child Care Center,80,False,True,False,False,county_23
2228,1,License,Child Care Center,65,False,False,False,False,county_30
343,1,Registration,Family Child Care Home,5,False,False,False,False,county_40
2175,2,License,Child Care Center,86,False,True,False,False,county_8
23,3,License,Child Care Center,198,False,False,False,False,county_9
834,1,Registration,Family Child Care Home,6,False,False,False,False,county_13
169,1,License,Child Care Center,164,False,False,False,False,county_30
1035,3,License,Child Care Center,67,False,True,False,False,county_20
2066,3,License,Child Care Center,385,False,False,False,False,county_33
382,2,License,Child Care Center,51,False,False,False,False,county_14
22,1,License,Child Care Center,89,False,False,False,False,county_5
1971,1,Registration,Family Child Care Home,6,False,False,False,False,county_37
2180,5,License,Child Care Center,64,False,False,False,False,county_17
1684,4,Approval,Child Care Center,520,True,False,False,False,county_37
2189,2,License,Child Care Center,43,False,False,False,False,county_40
128,1,Approval,Child Care Center,100,True,False,False,False,county_28
1778,3,License,Family Child Care Home,6,False,False,False,False,county_11
1961,3,License,Child Care Center,99,False,False,False,False,county_23
1824,1,License,Child Care Center,50,False,False,False,False,county_25
1376,2,License,Child Care Center,99,False,False,False,False,county_9
1983,1,Registration,Family Child Care Home,6,False,False,False,False,county_33
1581,1,License,Child Care Center,92,False,False,False,False,county_30
650,3,License,Child Care Center,99,False,True,True,True,county_23
713,1,Registration,Family Child Care Home,6,False,False,False,False,county_17
1628,1,License,Child Care Center,52,False,False,False,False,county_23
746,2,License,Child Care Center,40,False,True,False,False,county_40
1253,1,License,Child Care Center,80,False,False,False,False,county_9
1980,2,Registration,Family Child Care Home,6,False,False,False,False,county_10
1772,1,License,Child Care Center,45,False,False,False,False,county_10
355,2,License,Child Care Center,46,False,True,False,False,county_35
1940,1,License,Child Care Center,99,False,False,False,False,county_30
1833,1,License,Child Care Center,51,False,False,False,False,county_21
376,2,License,Child Care Center,59,False,False,False,False,county_16
997,1,Registration,Family Child Care Home,6,False,False,False,False,county_9
2164,1,License,Child Care Center,46,False,False,False,False,county_40
26,3,License,Child Care Center,57,False,False,False,False,county_22
1239,5,Approval,Child Care Center,140,True,False,False,False,county_13
1597,5,Approval,Child Care Center,240,True,False,False,False,county_31
341,5,Approval,Child Care Center,56,True,False,False,False,county_11
757,5,Approval,Child Care Center,68,True,False,False,False,county_26
174,5,Approval,Child Care Center,166,True,False,False,False,county_9
397,3,Approval,Child Care Center,40,True,False,False,False,county_33
2033,2,Approval,Child Care Center,262,False,False,False,False,county_39
121,2,Approval,Child Care Center,209,True,False,False,False,county_9
2361,5,Approval,Child Care Center,193,True,False,False,False,county_40
2040,3,Approval,Child Care Center,20,True,False,False,False,county_25
1618,5,Approval,Child Care Center,47,False,False,False,False,county_40
1064,1,License,Child Care Center,79,False,False,False,True,county_40
781,1,License,Child Care Center,150,False,False,False,False,county_8
1278,1,License,Child Care Center,75,False,False,False,False,county_30
635,3,Approval,Child Care Center,60,True,False,False,False,county_1
883,4,Approval,Child Care Center,40,True,False,False,False,county_1
232,2,License,Child Care Center,75,False,False,True,False,county_28
848,4,License,Child Care Center,40,False,True,True,False,county_1
1402,2,Approval,Child Care Center,48,True,False,False,False,county_4
325,1,Registration,Family Child Care Home,6,False,False,False,False,county_3
1117,4,License,Child Care Center,241,False,False,False,False,county_28
672,1,License,Child Care Center,80,False,False,False,False,county_26
908,1,License,Child Care Center,83,False,True,False,False,county_40
356,1,License,Child Care Center,132,False,False,False,False,county_40
79,2,License,Child Care Center,73,False,True,False,True,county_28
334,5,License,Child Care Center,165,False,True,False,False,county_8
1009,1,License,Child Care Center,91,False,True,False,False,county_30
559,2,License,Child Care Center,131,False,False,False,False,county_29
1548,2,License,Child Care Center,253,False,True,False,False,county_10
2388,5,License,Child Care Center,62,False,True,True,False,county_23
1522,3,Registration,Family Child Care Home,6,False,False,False,False,county_25
1643,2,License,Child Care Center,119,False,True,False,False,county_39
2249,2,License,Family Child Care Home,5,False,False,False,False,county_40
2293,3,Registration,Family Child Care Home,6,False,False,False,False,county_40
2142,3,Registration,Family Child Care Home,5,False,False,False,False,county_35
590,1,License,Child Care Center,134,False,False,False,False,county_33
1277,1,Registration,Family Child Care Home,6,False,False,False,False,county_29
2357,2,License,Child Care Center,66,False,True,False,False,county_8
1568,1,License,Child Care Center,114,False,True,False,False,county_3
2197,2,Approval,Child Care Center,100,True,False,False,False,county_11
1421,2,License,Child Care Center,17,False,False,False,False,county_13
1715,2,License,Child Care Center,122,False,False,False,False,county_40
1430,5,Approval,Child Care Center,445,True,False,False,False,county_17
2107,2,License,Child Care Center,140,False,False,False,False,county_17
1433,2,License,Child Care Center,67,False,False,False,False,county_30
565,1,Registration,Family Child Care Home,6,False,False,False,False,county_11
1555,4,Approval,Child Care Center,26,True,False,False,False,county_9
1141,2,License,Child Care Center,110,False,False,False,False,county_2
255,1,Registration,Family Child Care Home,6,False,False,False,False,county_37
1001,2,License,Child Care Center,127,False,True,False,False,county_28
478,2,License,Child Care Center,48,False,False,False,False,county_8
380,2,Registration,Family Child Care Home,6,False,False,False,False,county_14
2149,1,License,Child Care Center,33,False,False,False,False,county_12
386,1,Registration,Family Child Care Home,6,False,False,False,False,county_22
1181,2,License,Child Care Center,139,False,False,False,False,county_25
1511,1,License,Child Care Center,42,False,False,False,False,county_23
1850,2,License,Child Care Center,25,False,False,False,False,county_11
1808,2,License,Child Care Center,115,False,True,False,True,county_17
2108,1,License,Child Care Center,35,False,False,False,False,county_19
207,3,License,Child Care Center,122,False,False,True,False,county_5
1731,2,License,Family Child Care Home,5,False,False,False,False,county_40
885,2,License,Child Care Center,107,False,False,False,False,county_25
1882,3,License,Child Care Center,202,False,True,True,False,county_5
1404,4,License,Child Care Center,55,False,True,False,False,county_40
453,1,License,Child Care Center,58,False,False,False,False,county_34
1050,4,License,Child Care Center,155,False,True,False,False,county_29
1398,1,Approval,Child Care Center,260,False,False,False,False,county_28
1582,2,Approval,Child Care Center,40,True,False,False,False,county_9
257,2,License,Child Care Center,122,False,False,False,False,county_23
198,1,License,Family Child Care Home,6,False,False,False,False,county_22
545,3,License,Child Care Center,234,False,True,False,False,county_25
1992,1,License,Child Care Center,23,False,False,False,False,county_40
1341,1,License,Child Care Center,209,False,False,False,False,county_30
1179,3,Registration,Family Child Care Home,6,False,False,False,False,county_5
1879,2,License,Child Care Center,62,False,False,False,False,county_33
1291,1,License,Child Care Center,45,False,False,True,False,county_14
75,4,Approval,Child Care Center,69,True,False,False,False,county_10
132,2,License,Child Care Center,63,False,True,False,False,county_35
1410,1,License,Child Care Center,48,False,False,False,False,county_1
597,1,License,Child Care Center,119,False,False,False,False,county_5
776,1,License,Child Care Center,125,False,True,False,False,county_23
882,2,License,Child Care Center,79,False,False,False,False,county_17
391,1,License,Child Care Center,92,False,False,False,False,county_24
373,2,License,Child Care Center,148,False,True,False,False,county_30
1637,1,Registration,Family Child Care Home,6,False,False,False,False,county_9
1535,2,License,Child Care Center,104,False,True,False,True,county_40
1249,1,License,Family Child Care Home,6,False,False,False,False,county_23
1487,1,License,Child Care Center,106,False,False,False,False,county_37
107,1,License,Child Care Center,36,False,False,False,False,county_32
295,1,Registration,Family Child Care Home,5,False,False,False,False,county_40
260,4,License,Child Care Center,40,False,True,False,False,county_3
1665,2,Registration,Family Child Care Home,5,False,False,False,False,county_40
2028,4,License,Child Care Center,53,False,True,False,False,county_3
1608,2,License,Child Care Center,65,False,False,False,False,county_10
1389,1,License,Child Care Center,63,False,False,False,False,county_17
1169,1,License,Child Care Center,160,False,True,False,False,county_30
614,2,License,Child Care Center,83,False,True,False,False,county_23
2257,1,License,Child Care Center,89,False,False,False,False,county_25
856,1,License,Child Care Center,99,False,False,False,False,county_27
1800,1,Registration,Family Child Care Home,6,False,False,False,False,county_17
387,1,License,Child Care Center,100,False,False,False,False,county_3
428,2,License,Child Care Center,21,False,False,False,False,county_9
582,3,License,Family Child Care Home,6,False,False,False,False,county_25
96,2,License,Child Care Center,165,False,False,False,False,county_35
1714,4,License,Child Care Center,40,False,True,False,False,county_26
2103,3,License,Child Care Center,83,False,False,False,False,county_20
1226,1,License,Child Care Center,49,False,False,False,False,county_17
2096,1,License,Child Care Center,174,False,False,False,False,county_35
477,1,License,Child Care Center,49,False,False,False,False,county_14
398,3,License,Child Care Center,108,False,True,False,True,county_8
370,2,License,Child Care Center,109,False,False,False,False,county_8
1729,2,License,Child Care Center,144,False,False,False,False,county_8
483,2,License,Child Care Center,167,False,False,False,True,county_9
318,1,License,Child Care Center,136,False,False,False,True,county_6
1225,3,License,Child Care Center,164,False,False,False,False,county_23
971,2,License,Child Care Center,47,False,False,False,False,county_15
840,2,Registration,Family Child Care Home,5,False,False,False,False,county_37
1024,2,License,Child Care Center,145,False,False,False,True,county_9
646,1,License,Child Care Center,61,False,True,False,False,county_35
1335,3,License,Child Care Center,121,False,True,True,False,county_23
113,5,Approval,Child Care Center,60,False,False,False,False,county_23
1458,2,License,Child Care Center,233,False,False,False,False,county_30
1819,1,License,Child Care Center,111,False,False,False,False,county_27
1533,2,License,Child Care Center,124,False,False,False,False,county_40
271,1,License,Child Care Center,60,False,False,False,False,county_25
470,2,License,Child Care Center,149,False,True,False,False,county_3
367,1,Registration,Family Child Care Home,6,False,False,False,False,county_37
680,2,License,Child Care Center,98,False,False,False,False,county_23
320,5,Approval,Child Care Center,264,True,True,False,False,county_23
1558,3,License,Family Child Care Home,6,False,False,False,False,county_5
837,2,License,Child Care Center,142,False,True,False,False,county_3
682,1,License,Child Care Center,46,False,False,False,False,county_1
1131,1,License,Child Care Center,76,False,False,False,False,county_3
549,1,License,Child Care Center,122,False,False,False,False,county_33
432,1,License,Child Care Center,58,False,False,False,False,county_30
1319,1,License,Child Care Center,225,False,True,False,False,county_9
761,2,License,Child Care Center,240,False,False,False,False,county_1
1080,1,License,Child Care Center,103,False,True,False,False,county_9
127,2,License,Child Care Center,204,False,False,False,False,county_30
45,2,License,Child Care Center,82,False,False,False,False,county_17
112,1,License,Child Care Center,59,False,False,False,False,county_9
241,2,License,Child Care Center,66,False,True,False,False,county_4
1853,2,License,Child Care Center,88,False,True,False,False,county_11
816,2,License,Child Care Center,152,False,False,False,False,county_40
1448,1,License,Child Care Center,76,False,False,False,False,county_35
760,1,Approval,Child Care Center,20,False,False,False,False,county_37
1228,2,License,Child Care Center,232,False,False,False,False,county_24
131,1,License,Child Care Center,202,False,True,False,False,county_35
1985,4,License,Child Care Center,100,False,True,False,False,county_2
1471,3,License,Family Child Care Home,5,False,False,False,False,county_40
794,1,License,Child Care Center,137,False,True,False,False,county_9
1762,1,Approval,Child Care Center,60,False,False,False,False,county_34
517,1,License,Child Care Center,201,False,True,False,False,county_30
651,1,License,Child Care Center,52,False,False,False,False,county_25
1120,3,License,Child Care Center,77,False,False,False,False,county_3
1494,2,Approval,Child Care Center,28,False,False,False,False,county_11
1061,2,Registration,Family Child Care Home,6,False,False,False,False,county_9
1012,1,License,Child Care Center,214,False,False,False,False,county_9
1118,1,License,Child Care Center,41,False,True,False,False,county_18
1493,1,Registration,Family Child Care Home,6,False,False,False,False,county_5
531,2,Approval,Child Care Center,35,False,False,False,False,county_26
1056,1,License,Child Care Center,151,False,True,False,False,county_9
1044,2,License,Child Care Center,54,False,True,False,False,county_9
2056,2,License,Child Care Center,144,False,True,False,False,county_30
1773,1,License,Child Care Center,70,False,True,False,False,county_23
863,2,License,Child Care Center,132,False,True,False,False,county_9
726,1,License,Child Care Center,40,False,False,False,False,county_11
1707,1,License,Child Care Center,293,False,False,False,False,county_30
1447,1,License,Child Care Center,153,False,True,False,False,county_35
648,1,Registration,Family Child Care Home,6,False,False,False,False,county_25
2397,1,License,Child Care Center,91,False,False,False,False,county_9
1364,1,Registration,Family Child Care Home,6,False,False,False,False,county_9
636,4,License,Child Care Center,138,False,False,False,False,county_40
283,4,License,Child Care Center,94,False,True,False,False,county_23
2041,2,Registration,Family Child Care Home,6,False,False,False,False,county_11
2174,2,Registration,Family Child Care Home,6,False,False,False,False,county_10
464,2,License,Child Care Center,62,False,False,False,False,county_37
1798,3,License,Child Care Center,40,False,True,False,False,county_33
1947,3,License,Family Child Care Home,6,False,False,False,False,county_23
542,1,License,Child Care Center,80,False,False,False,False,county_23
240,1,License,Child Care Center,117,False,True,False,False,county_35
575,2,License,Child Care Center,108,False,True,False,False,county_8
709,1,Registration,Family Child Care Home,5,False,False,False,False,county_40
801,1,Registration,Family Child Care Home,6,False,False,False,False,county_37
1368,3,License,Child Care Center,141,False,True,False,False,county_9
1198,2,License,Child Care Center,55,False,False,False,False,county_40
640,1,License,Child Care Center,52,False,False,False,False,county_30
205,1,Registration,Family Child Care Home,6,False,False,False,False,county_15
1913,1,License,Child Care Center,52,False,False,False,False,county_17
1155,1,Registration,Family Child Care Home,5,False,False,False,False,county_40
1437,2,License,Child Care Center,93,False,False,False,False,county_8
144,1,License,Child Care Center,27,False,False,False,False,county_17
1247,1,License,Child Care Center,51,False,False,False,False,county_26
595,2,License,Child Care Center,64,False,True,False,False,county_36
642,1,License,Child Care Center,98,False,True,False,False,county_36
1043,2,Approval,Child Care Center,276,False,False,False,False,county_0
1978,2,License,Child Care Center,238,False,False,False,False,county_9
1453,2,License,Child Care Center,145,False,False,False,False,county_1
375,2,License,Family Child Care Home,6,False,False,False,False,county_40
708,1,License,Child Care Center,129,False,True,False,False,county_9
1500,1,License,Child Care Center,37,False,False,False,False,county_0
563,1,Registration,Family Child Care Home,5,False,False,False,False,county_40
818,1,License,Child Care Center,52,False,False,False,False,county_8
960,1,License,Child Care Center,97,False,False,False,False,county_40
1716,1,License,Child Care Center,49,False,False,False,False,county_11
670,2,License,Child Care Center,69,False,False,False,False,county_21
1103,3,Approval,Child Care Center,42,False,False,False,False,county_11
1599,2,License,Child Care Center,95,False,True,False,False,county_30
1604,2,License,Child Care Center,137,False,False,False,False,county_12
1583,1,Registration,Family Child Care Home,6,False,False,False,False,county_7
2278,1,License,Child Care Center,71,False,False,False,False,county_10
1867,1,License,Child Care Center,400,False,True,False,False,county_17
2021,1,License,Child Care Center,109,False,True,False,False,county_14
2320,3,License,Child Care Center,130,False,True,False,True,county_23
1811,2,License,Child Care Center,79,False,True,False,False,county_40
1263,1,License,Child Care Center,116,False,False,False,False,county_13
2010,1,Registration,Family Child Care Home,6,False,False,False,False,county_33
802,1,License,Child Care Center,80,False,False,False,False,county_23
1574,1,License,Child Care Center,180,False,True,False,False,county_0
285,2,License,Child Care Center,120,False,False,False,False,county_8
2292,1,License,Child Care Center,200,False,False,False,False,county_1
1970,1,License,Child Care Center,239,False,False,False,False,county_9
830,3,License,Family Child Care Home,6,False,False,False,False,county_9
1360,2,License,Child Care Center,59,False,True,False,False,county_8
177,1,License,Child Care Center,141,False,False,False,False,county_25
1434,1,License,Child Care Center,58,False,True,False,False,county_1
1480,1,License,Child Care Center,310,False,False,False,False,county_17
135,1,Registration,Family Child Care Home,6,False,False,False,False,county_16
124,1,License,Child Care Center,120,False,False,False,False,county_38
576,4,License,Child Care Center,98,False,True,False,True,county_28
291,1,License,Child Care Center,32,False,False,False,False,county_13
1765,3,Registration,Family Child Care Home,5,False,False,False,False,county_40
1614,2,License,Family Child Care Home,6,False,False,False,False,county_11
539,1,License,Child Care Center,72,False,False,False,False,county_23
627,1,License,Child Care Center,147,False,False,False,False,county_12
788,2,License,Child Care Center,31,False,True,False,False,county_40
1095,1,License,Child Care Center,321,False,True,False,False,county_29
148,2,Registration,Family Child Care Home,6,False,False,False,False,county_23
1655,1,Registration,Family Child Care Home,6,False,False,False,False,county_12
1395,2,License,Child Care Center,180,False,True,False,False,county_9
2350,1,Registration,Family Child Care Home,6,False,False,False,False,county_15
266,3,License,Child Care Center,163,False,False,False,False,county_29
220,2,Registration,Family Child Care Home,6,False,False,False,False,county_10
1393,1,Registration,Family Child Care Home,6,False,False,False,False,county_14
1529,2,License,Family Child Care Home,6,False,False,False,False,county_14
313,1,Registration,Family Child Care Home,6,False,False,False,False,county_16
852,1,License,Child Care Center,55,False,True,False,False,county_23
157,1,License,Family Child Care Home,5,False,False,False,False,county_33
2206,2,License,Child Care Center,40,False,True,False,False,county_13
1037,1,Registration,Family Child Care Home,6,False,False,False,False,county_28
1227,1,License,Child Care Center,40,False,False,False,False,county_35
628,1,Registration,Family Child Care Home,6,False,False,False,False,county_7
2104,3,License,Child Care Center,40,False,True,False,False,county_14
87,1,Registration,Family Child Care Home,6,False,False,False,False,county_11
1347,1,Registration,Family Child Care Home,6,False,False,False,False,county_0
1160,1,License,Family Child Care Home,6,False,False,False,False,county_1
1687,3,Registration,Family Child Care Home,6,False,False,False,False,county_5
1785,1,License,Child Care Center,100,False,True,False,False,county_28
442,1,License,Family Child Care Home,5,False,False,False,False,county_11
2153,1,Registration,Family Child Care Home,6,False,False,False,False,county_25
756,2,Registration,Family Child Care Home,6,False,False,False,False,county_14
1002,1,License,Child Care Center,88,False,False,False,False,county_9
1038,1,Registration,Family Child Care Home,6,False,False,False,False,county_5
996,1,License,Child Care Center,44,False,False,False,False,county_40
658,1,Registration,Family Child Care Home,6,False,False,False,False,county_0
2064,3,License,Family Child Care Home,6,False,False,False,False,county_5
842,1,License,Child Care Center,78,False,False,False,False,county_20
1854,1,License,Child Care Center,29,False,False,False,False,county_0
312,1,License,Family Child Care Home,6,False,False,False,False,county_18
1786,1,License,Family Child Care Home,6,False,False,False,False,county_9
2208,2,Registration,Family Child Care Home,6,False,False,False,False,county_22
194,1,License,Child Care Center,147,False,False,False,False,county_1
1386,1,Registration,Family Child Care Home,5,False,False,False,False,county_40
1295,3,Registration,Family Child Care Home,6,False,False,False,True,county_8
2349,2,License,Child Care Center,40,False,False,False,False,county_37
826,2,License,Family Child Care Home,6,False,False,False,False,county_23
733,2,Registration,Family Child Care Home,6,False,False,False,False,county_11
946,1,License,Child Care Center,63,False,True,False,False,county_40
261,1,Registration,Family Child Care Home,6,False,False,False,False,county_9
1303,2,License,Family Child Care Home,5,False,False,False,False,county_30
751,1,License,Child Care Center,87,False,True,False,False,county_5
1261,1,Registration,Family Child Care Home,6,False,False,False,False,county_33
401,1,Registration,Family Child Care Home,6,False,False,False,False,county_32
252,1,License,Child Care Center,75,False,True,False,False,county_11
1576,1,License,Child Care Center,40,False,False,False,False,county_40
1848,1,License,Child Care Center,93,False,False,False,False,county_9
231,1,Registration,Family Child Care Home,6,False,False,False,False,county_12
70,1,License,Child Care Center,40,False,True,False,False,county_17
246,3,License,Family Child Care Home,5,False,False,False,False,county_40
155,1,License,Child Care Center,120,False,True,False,False,county_17
999,2,License,Family Child Care Home,6,False,False,False,False,county_1
1367,1,License,Family Child Care Home,6,False,False,False,False,county_16
1293,1,Registration,Family Child Care Home,5,False,False,False,False,county_35
212,1,License,Family Child Care Home,6,False,False,False,False,county_11
2182,1,License,Child Care Center,52,False,False,False,False,county_5
677,3,License,Family Child Care Home,6,False,False,False,False,county_5
796,2,License,Child Care Center,58,False,True,False,False,county_10
2386,1,Registration,Family Child Care Home,6,False,False,False,False,county_22
362,1,Registration,Family Child Care Home,6,False,False,False,False,county_11
2098,2,Registration,Family Child Care Home,6,False,False,False,False,county_5
1219,1,License,Family Child Care Home,6,False,False,False,False,county_1
1224,1,License,Child Care Center,47,False,True,False,False,county_22
1280,1,Registration,Family Child Care Home,6,False,False,False,False,county_22
2053,2,License,Child Care Center,36,False,False,False,False,county_17
1268,1,License,Child Care Center,80,False,False,False,False,county_11
1838,2,License,Family Child Care Home,6,False,False,False,False,county_33
368,2,License,Child Care Center,140,False,False,False,False,county_11
577,1,License,Child Care Center,231,False,False,False,False,county_11
1381,2,License,Child Care Center,252,False,False,False,True,county_23
339,1,License,Child Care Center,82,False,True,False,False,county_35
661,2,License,Family Child Care Home,5,False,False,False,False,county_14
1932,1,License,Child Care Center,70,False,False,False,False,county_15
1619,2,License,Child Care Center,48,False,False,False,True,county_40
1207,2,License,Child Care Center,220,False,False,False,False,county_2
1332,2,License,Child Care Center,77,False,False,False,False,county_36
274,3,Registration,Family Child Care Home,5,False,False,False,False,county_40
704,2,License,Child Care Center,90,False,False,False,False,county_30
1916,1,Registration,Family Child Care Home,6,False,False,False,False,county_10
843,1,License,Child Care Center,121,False,False,False,False,county_23
551,1,Approval,Child Care Center,340,False,False,False,False,county_28
1662,1,License,Child Care Center,40,False,True,False,False,county_11
1519,1,Registration,Family Child Care Home,6,False,False,False,False,county_10
2093,2,Approval,Child Care Center,200,False,False,False,False,county_28
395,1,License,Child Care Center,97,False,False,False,False,county_35
2115,1,License,Child Care Center,82,False,False,False,False,county_27
625,1,Registration,Family Child Care Home,6,False,False,False,False,county_1
1996,1,License,Child Care Center,204,False,False,False,False,county_35
1069,1,License,Child Care Center,20,False,False,False,False,county_14
778,1,License,Child Care Center,167,False,False,False,False,county_23
1928,3,License,Family Child Care Home,6,False,False,False,False,county_1
2145,1,License,Child Care Center,31,False,False,False,False,county_0
286,1,Registration,Family Child Care Home,6,False,False,False,False,county_23
1174,1,License,Child Care Center,49,False,False,False,False,county_5
2219,3,Approval,Child Care Center,55,False,False,False,False,county_1
678,2,License,Child Care Center,283,False,False,False,False,county_8
2378,1,Registration,Family Child Care Home,6,False,False,False,False,county_9
523,1,License,Child Care Center,283,False,False,False,False,county_29
308,1,License,Child Care Center,28,False,False,False,False,county_40
1146,2,License,Child Care Center,34,False,False,False,False,county_25
509,1,Approval,Child Care Center,180,False,False,False,False,county_28
1143,1,Approval,Child Care Center,370,False,False,False,False,county_1
369,1,License,Child Care Center,136,False,False,False,False,county_25
1476,1,License,Child Care Center,69,False,False,False,False,county_40
671,1,License,Child Care Center,44,False,False,False,False,county_11
1780,1,Registration,Family Child Care Home,6,False,False,False,False,county_23
427,3,Approval,Child Care Center,200,False,False,False,False,county_28
1835,3,License,Child Care Center,193,False,True,False,False,county_25
1258,1,License,Child Care Center,90,False,True,False,False,county_23
1067,2,Registration,Family Child Care Home,6,False,False,False,False,county_11
250,1,Registration,Family Child Care Home,6,False,False,False,False,county_11
950,1,Registration,Family Child Care Home,6,False,False,True,False,county_5
730,1,Registration,Family Child Care Home,6,False,False,False,False,county_5
890,2,License,Child Care Center,286,False,False,False,True,county_9
1820,1,License,Child Care Center,55,False,True,True,False,county_0
1269,1,License,Family Child Care Home,5,False,False,False,False,county_35
707,2,License,Child Care Center,293,False,False,False,True,county_9
27,2,License,Child Care Center,273,False,False,False,False,county_9
1530,2,License,Child Care Center,285,False,True,False,True,county_17
181,1,Registration,Family Child Care Home,6,False,False,False,False,county_11
2159,3,License,Family Child Care Home,6,False,False,False,False,county_1
2265,2,License,Child Care Center,106,False,False,False,False,county_15
1019,1,License,Child Care Center,49,False,True,False,False,county_35
611,1,License,Child Care Center,137,False,True,False,False,county_4
654,1,License,Child Care Center,48,False,False,False,False,county_35
2344,1,Approval,Child Care Center,180,False,False,False,False,county_28
1675,2,License,Child Care Center,16,False,False,False,False,county_40
1230,2,License,Family Child Care Home,6,False,False,False,False,county_23
1895,1,Registration,Family Child Care Home,6,False,False,False,False,county_11
686,2,License,Child Care Center,130,False,False,False,False,county_18
119,3,Registration,Family Child Care Home,5,False,False,False,False,county_40
67,1,License,Child Care Center,112,False,True,False,False,county_30
1427,3,License,Child Care Center,99,False,False,False,False,county_29
2355,1,License,Child Care Center,206,False,False,False,False,county_35
2376,2,License,Child Care Center,93,False,True,False,False,county_40
2037,2,License,Child Care Center,104,False,True,False,False,county_8
1241,2,Approval,Child Care Center,120,False,False,False,False,county_28
1669,1,License,Child Care Center,27,False,False,False,False,county_28
217,2,Registration,Family Child Care Home,5,False,False,False,False,county_40
1288,3,Approval,Child Care Center,43,False,False,False,False,county_28
2007,2,License,Child Care Center,22,False,False,False,False,county_4
2371,1,License,Child Care Center,113,False,True,False,False,county_23
1723,3,Registration,Family Child Care Home,6,False,False,False,False,county_12
1818,2,Registration,Family Child Care Home,6,False,False,False,False,county_22
2055,2,Approval,Child Care Center,120,False,False,False,False,county_28
1423,1,License,Child Care Center,75,False,False,False,False,county_11
995,2,License,Family Child Care Home,6,False,False,False,False,county_23
336,1,License,Child Care Center,217,False,True,False,False,county_23
1744,3,Registration,Family Child Care Home,6,False,False,False,False,county_40
1869,2,License,Child Care Center,93,False,False,False,False,county_33
1415,1,License,Child Care Center,45,False,False,False,False,county_28
2105,1,License,Child Care Center,109,False,False,False,False,county_14
35,1,License,Child Care Center,38,False,False,False,False,county_17
1755,1,License,Child Care Center,60,False,False,False,False,county_25
1935,1,License,Family Child Care Home,6,False,False,False,False,county_1
1766,1,License,Child Care Center,126,False,False,False,False,county_40
204,1,License,Family Child Care Home,5,False,False,False,False,county_5
408,3,License,Child Care Center,55,False,False,False,False,county_9
1215,2,Registration,Family Child Care Home,6,False,False,False,False,county_14
833,2,License,Child Care Center,40,False,True,False,False,county_33
1751,3,License,Child Care Center,66,False,False,False,False,county_2
1479,2,License,Child Care Center,230,False,True,False,False,county_23
2067,1,Registration,Family Child Care Home,6,False,False,False,False,county_37
263,1,Registration,Family Child Care Home,6,False,False,False,False,county_1
2184,1,License,Child Care Center,54,False,False,False,False,county_18
1563,2,License,Child Care Center,229,False,False,False,False,county_40
1273,1,License,Child Care Center,345,False,True,False,False,county_9
1656,2,License,Child Care Center,103,False,True,False,False,county_40
508,2,License,Child Care Center,80,False,True,False,False,county_40
717,2,Approval,Child Care Center,333,False,False,False,False,county_28
660,3,License,Family Child Care Home,5,False,False,False,False,county_40
1975,1,License,Child Care Center,120,False,False,False,False,county_40
1774,1,Approval,Child Care Center,340,False,False,False,False,county_28
92,1,License,Family Child Care Home,6,False,False,False,False,county_9
900,1,License,Child Care Center,223,False,True,False,False,county_30
615,1,Registration,Family Child Care Home,6,False,False,False,False,county_3
221,1,Registration,Family Child Care Home,6,False,False,False,False,county_33
2139,1,Registration,Family Child Care Home,6,False,False,False,False,county_10
619,1,License,Child Care Center,44,False,False,False,False,county_30
1625,1,License,Child Care Center,113,False,False,False,False,county_30
1441,2,License,Child Care Center,100,False,True,False,False,county_40
2323,1,License,Child Care Center,49,False,False,False,False,county_17
1204,1,License,Child Care Center,113,False,True,False,False,county_23
2255,1,Registration,Family Child Care Home,5,False,False,False,False,county_40
456,2,Registration,Family Child Care Home,6,False,False,False,False,county_11
606,1,License,Child Care Center,26,False,False,False,False,county_28
528,1,Registration,Family Child Care Home,6,False,False,False,False,county_12
1600,2,License,Child Care Center,35,False,False,False,False,county_3
1417,2,License,Child Care Center,151,False,False,False,False,county_2
1008,2,Registration,Family Child Care Home,6,False,False,False,False,county_9
2271,1,Registration,Family Child Care Home,6,False,False,False,False,county_21
901,1,License,Child Care Center,95,False,False,False,False,county_28
2254,1,License,Child Care Center,56,False,False,False,False,county_8
2059,3,Registration,Family Child Care Home,6,False,False,False,False,county_9
1452,1,Registration,Family Child Care Home,6,False,False,False,False,county_9
233,1,Approval,Child Care Center,400,False,False,False,False,county_28
2291,2,License,Child Care Center,99,False,False,False,False,county_8
100,2,License,Child Care Center,78,False,False,False,False,county_40
2280,2,License,Child Care Center,206,False,True,False,False,county_11
8,1,License,Child Care Center,122,False,False,False,False,county_5
2183,1,License,Child Care Center,77,False,False,False,False,county_30
835,1,License,Child Care Center,40,False,False,False,False,county_40
909,1,Registration,Family Child Care Home,6,False,False,False,False,county_8
2352,1,License,Child Care Center,57,False,False,False,False,county_23
111,2,License,Child Care Center,101,False,True,False,False,county_40
1464,1,License,Child Care Center,61,False,False,False,False,county_27
1108,1,License,Child Care Center,135,False,False,False,False,county_8
1796,1,License,Child Care Center,30,False,False,False,True,county_14
1352,1,License,Child Care Center,70,False,False,False,False,county_40
352,2,License,Child Care Center,28,False,False,False,False,county_8
1815,1,License,Child Care Center,40,False,True,False,False,county_28
786,2,Approval,Child Care Center,120,False,False,False,False,county_28
348,1,License,Child Care Center,98,False,False,False,False,county_24
1028,1,License,Child Care Center,36,False,True,False,False,county_9
2091,1,License,Child Care Center,146,False,True,False,False,county_6
1787,2,License,Family Child Care Home,5,False,False,False,False,county_1
1152,3,License,Child Care Center,374,False,False,False,False,county_28
1956,2,License,Child Care Center,81,False,False,False,False,county_31
770,1,Registration,Family Child Care Home,5,False,False,False,False,county_35
2156,1,Registration,Family Child Care Home,6,False,False,False,False,county_22
790,2,Registration,Family Child Care Home,6,False,False,False,False,county_23
83,2,Approval,Child Care Center,160,False,False,False,False,county_28
1274,2,License,Child Care Center,116,False,False,False,True,county_9
1667,2,License,Child Care Center,33,False,False,False,False,county_5
1936,2,Approval,Child Care Center,140,False,False,False,False,county_28
1513,2,Approval,Child Care Center,455,False,False,False,False,county_28
500,3,Registration,Family Child Care Home,6,False,False,False,False,county_1
758,5,License,Child Care Center,121,False,True,False,True,county_40
817,3,License,Family Child Care Home,6,False,False,False,False,county_40
346,1,License,Child Care Center,170,False,False,False,True,county_9
1196,2,License,Child Care Center,21,False,False,False,False,county_40
1528,3,License,Family Child Care Home,5,False,False,False,False,county_40
2052,1,License,Family Child Care Home,6,False,False,False,False,county_1
407,1,License,Family Child Care Home,5,False,False,False,False,county_30
1027,2,License,Child Care Center,24,False,False,False,False,county_40
1506,2,License,Child Care Center,251,False,False,False,True,county_9
195,1,License,Child Care Center,103,False,False,False,False,county_9
1791,1,Registration,Family Child Care Home,5,False,False,False,False,county_11
1739,2,License,Family Child Care Home,5,False,False,False,False,county_30
2396,1,Registration,Family Child Care Home,6,False,False,False,False,county_1
948,1,Registration,Family Child Care Home,6,False,False,False,False,county_11
1973,2,Registration,Family Child Care Home,6,False,False,False,False,county_23
1718,2,License,Child Care Center,35,False,True,False,False,county_0
734,2,Registration,Family Child Care Home,6,False,False,False,False,county_11
992,1,License,Child Care Center,41,False,False,False,False,county_27
2381,3,License,Family Child Care Home,5,False,False,False,False,county_1
1077,1,Registration,Family Child Care Home,5,False,False,False,False,county_40
1380,1,License,Family Child Care Home,5,False,False,False,False,county_5
1098,1,License,Child Care Center,105,False,True,False,False,county_35
1572,1,License,Child Care Center,100,False,False,False,False,county_15
1524,1,License,Family Child Care Home,6,False,False,False,False,county_23
2179,1,License,Child Care Center,72,False,False,False,False,county_17
1995,1,License,Child Care Center,32,False,True,False,False,county_40
1462,2,License,Child Care Center,103,False,True,False,False,county_40
1087,1,License,Child Care Center,31,False,False,False,False,county_28
1106,1,Registration,Family Child Care Home,6,False,False,False,False,county_17
1237,1,License,Child Care Center,77,False,False,False,False,county_23
829,1,License,Child Care Center,33,False,False,False,False,county_23
723,1,Registration,Family Child Care Home,6,False,False,False,False,county_11
1383,1,License,Family Child Care Home,5,False,False,False,False,county_40
722,1,License,Child Care Center,44,False,False,False,False,county_9
1982,2,License,Child Care Center,24,False,False,False,False,county_1
1557,2,License,Child Care Center,67,False,False,False,False,county_1
103,1,License,Family Child Care Home,5,False,False,False,False,county_11
783,1,License,Child Care Center,42,False,False,False,False,county_32
1451,2,License,Family Child Care Home,5,False,False,False,False,county_16
1842,2,License,Family Child Care Home,5,False,False,False,False,county_11
1849,1,Registration,Family Child Care Home,5,False,False,False,False,county_40
666,1,License,Child Care Center,40,False,False,False,False,county_40
2331,1,License,Child Care Center,98,False,False,False,False,county_3
1488,2,License,Child Care Center,207,False,True,False,False,county_9
468,1,Registration,Family Child Care Home,6,False,False,False,False,county_23
248,1,Registration,Family Child Care Home,5,False,False,False,False,county_8
1472,1,License,Family Child Care Home,6,False,False,False,False,county_21
1693,3,Registration,Family Child Care Home,6,False,False,False,False,county_22
676,1,License,Family Child Care Home,5,False,False,False,False,county_33
1111,1,License,Child Care Center,114,False,False,False,False,county_11
1285,2,License,Child Care Center,48,False,False,False,False,county_40
518,2,License,Child Care Center,46,False,True,False,False,county_5
1541,1,License,Child Care Center,37,False,False,False,False,county_23
1734,3,License,Family Child Care Home,5,False,False,False,False,county_30
1569,1,License,Family Child Care Home,5,False,False,False,False,county_40
715,1,License,Child Care Center,35,False,True,False,False,county_0
1125,1,Registration,Family Child Care Home,5,False,False,False,False,county_40
323,3,Registration,Family Child Care Home,6,False,False,False,False,county_8
277,3,License,Child Care Center,64,False,False,False,False,county_8
1450,2,License,Child Care Center,37,False,False,False,True,county_23
685,1,Registration,Family Child Care Home,6,False,False,False,False,county_40
679,2,License,Family Child Care Home,5,False,False,False,False,county_40
584,1,Registration,Family Child Care Home,5,False,False,False,False,county_11
1244,2,License,Child Care Center,49,False,False,False,False,county_37
58,2,License,Child Care Center,121,False,True,False,False,county_30
1362,2,License,Child Care Center,37,False,False,False,False,county_30
894,3,License,Family Child Care Home,5,False,False,False,False,county_5
1388,1,License,Child Care Center,104,False,True,False,False,county_30
55,3,License,Family Child Care Home,5,False,False,False,False,county_13
2160,2,Registration,Family Child Care Home,5,False,False,False,False,county_21
1385,1,License,Family Child Care Home,5,False,False,False,False,county_1
1674,2,License,Child Care Center,70,False,True,False,False,county_9
689,3,License,Family Child Care Home,5,False,False,False,False,county_5
1861,1,License,Child Care Center,120,False,False,False,False,county_40
1862,2,License,Family Child Care Home,5,False,False,False,False,county_40
1114,3,License,Child Care Center,58,False,False,False,False,county_9
1271,1,License,Child Care Center,100,False,False,False,False,county_40
65,2,License,Family Child Care Home,5,False,False,False,False,county_11
774,1,License,Child Care Center,66,False,False,False,False,county_33
98,1,License,Child Care Center,91,False,False,False,False,county_33
2348,1,License,Child Care Center,105,False,False,False,False,county_33
15,1,License,Child Care Center,109,False,False,False,False,county_33
1073,2,Registration,Family Child Care Home,5,False,False,False,False,county_11
444,3,License,Family Child Care Home,5,False,False,False,False,county_40
653,1,License,Child Care Center,164,False,False,False,False,county_35
416,1,License,Child Care Center,68,False,False,False,False,county_35
1164,1,Registration,Family Child Care Home,5,False,False,False,False,county_11
3,2,License,Child Care Center,161,False,False,False,False,county_6
963,1,License,Child Care Center,60,False,False,False,False,county_5
2084,2,License,Child Care Center,93,False,True,False,False,county_24
553,1,License,Child Care Center,106,False,True,False,False,county_30
1030,1,Registration,Family Child Care Home,6,False,False,False,False,county_22
763,1,License,Child Care Center,29,False,False,False,False,county_30
236,1,License,Child Care Center,36,False,False,False,False,county_23
657,3,Registration,Family Child Care Home,6,False,False,False,False,county_1
1593,3,Registration,Family Child Care Home,6,False,False,False,False,county_5
799,1,License,Child Care Center,86,False,False,False,False,county_22
601,1,License,Child Care Center,30,False,True,False,False,county_5
120,2,Registration,Family Child Care Home,6,False,False,False,False,county_11
544,1,License,Child Care Center,46,False,True,False,True,county_1
987,1,License,Child Care Center,191,False,True,False,False,county_23
1486,2,License,Child Care Center,218,False,False,False,False,county_28
1836,3,License,Child Care Center,47,False,True,False,False,county_4
1586,4,License,Child Care Center,92,False,False,False,False,county_8
51,1,License,Family Child Care Home,5,False,False,False,False,county_11
1289,2,License,Child Care Center,120,False,True,False,True,county_30
2399,1,License,Child Care Center,188,False,False,False,False,county_9
2354,4,License,Child Care Center,197,False,False,False,False,county_3
147,2,Registration,Family Child Care Home,5,False,False,False,False,county_23
1091,1,Registration,Family Child Care Home,6,False,False,False,False,county_8
2074,3,License,Family Child Care Home,5,False,False,False,False,county_40
1359,1,License,Child Care Center,100,False,False,False,False,county_8
1300,2,License,Child Care Center,147,False,False,False,False,county_31
1409,1,License,Child Care Center,78,False,False,False,False,county_31
130,1,Registration,Family Child Care Home,6,False,False,False,False,county_22
1370,2,License,Child Care Center,255,False,False,False,False,county_8
91,2,License,Child Care Center,120,False,False,False,False,county_40
1789,3,License,Family Child Care Home,5,False,False,False,False,county_40
1203,1,Registration,Family Child Care Home,6,False,False,False,False,county_11
547,1,License,Child Care Center,51,False,False,False,False,county_23
1166,1,Registration,Family Child Care Home,6,False,False,False,False,county_40
918,2,Registration,Family Child Care Home,6,False,False,False,False,county_5
441,1,License,Child Care Center,64,False,False,False,False,county_25
2223,1,Registration,Family Child Care Home,6,False,False,False,False,county_40
1812,1,License,Child Care Center,113,False,True,False,False,county_5
471,1,License,Child Care Center,80,False,False,False,False,county_12
1809,2,License,Child Care Center,122,False,False,False,False,county_30
499,1,License,Child Care Center,93,False,False,False,False,county_40
1864,2,Registration,Family Child Care Home,6,False,False,False,False,county_28
1964,1,License,Child Care Center,31,False,False,False,False,county_28
2001,1,License,Child Care Center,174,False,False,False,False,county_8
1284,3,License,Family Child Care Home,5,False,False,False,False,county_40
1325,1,Registration,Family Child Care Home,6,False,False,False,False,county_26
812,1,License,Family Child Care Home,5,False,False,False,False,county_11
2252,3,License,Family Child Care Home,5,False,False,False,False,county_23
2261,1,License,Child Care Center,45,False,False,False,False,county_8
133,1,License,Child Care Center,95,False,False,False,False,county_30
457,1,License,Child Care Center,30,False,False,False,False,county_5
998,2,License,Child Care Center,119,False,False,False,False,county_25
1976,4,License,Child Care Center,72,False,False,False,False,county_40
141,1,Registration,Family Child Care Home,6,False,False,False,False,county_39
1326,3,License,Child Care Center,76,False,False,False,False,county_23
40,2,License,Child Care Center,51,False,False,False,False,county_1
1324,1,License,Child Care Center,80,False,False,False,False,county_17
1094,3,License,Child Care Center,50,False,False,False,False,county_39
437,1,License,Child Care Center,167,False,False,False,False,county_40
1142,3,Approval,Child Care Center,197,True,False,False,False,county_6
2385,3,Approval,Child Care Center,159,True,False,False,False,county_4
1892,5,Approval,Child Care Center,181,True,False,False,False,county_18
561,5,Approval,Child Care Center,21,True,False,False,False,county_13
1903,5,Approval,Child Care Center,61,False,False,False,False,county_17
1128,5,Approval,Child Care Center,60,False,True,False,False,county_37
1334,3,Approval,Child Care Center,60,False,False,False,False,county_19
1161,5,Approval,Child Care Center,179,True,False,False,False,county_11
1931,5,Approval,Child Care Center,67,True,False,False,False,county_8
2027,5,Approval,Child Care Center,51,True,False,False,False,county_10
1827,1,Approval,Child Care Center,40,True,False,False,False,county_37
2036,2,Approval,Child Care Center,99,True,False,False,False,county_27
1068,5,Approval,Child Care Center,158,True,False,False,False,county_32
690,5,Approval,Child Care Center,88,True,False,False,False,county_27
1888,5,Approval,Child Care Center,160,True,False,False,False,county_40
455,4,Approval,Child Care Center,180,True,False,False,False,county_18
572,5,Approval,Child Care Center,20,True,False,False,False,county_26
580,5,Approval,Child Care Center,207,True,False,False,False,county_9
623,4,Approval,Child Care Center,115,False,False,False,False,county_28
1733,5,Approval,Child Care Center,165,False,False,True,False,county_9
2081,5,Approval,Child Care Center,142,True,False,False,False,county_8
769,3,Approval,Child Care Center,140,True,False,False,False,county_10
1577,5,Approval,Child Care Center,180,True,False,False,False,county_30
1610,5,Approval,Child Care Center,138,True,False,False,False,county_9
1654,3,Approval,Child Care Center,73,True,False,False,False,county_9
294,5,Approval,Child Care Center,71,True,False,False,False,county_32
1945,2,Registration,Family Child Care Home,6,False,False,False,False,county_16
1823,2,Registration,Family Child Care Home,6,False,False,False,False,county_14
1648,1,Registration,Family Child Care Home,6,False,False,False,False,county_39
1483,2,Approval,Child Care Center,80,True,False,False,False,county_23
1886,1,Registration,Family Child Care Home,6,False,False,False,False,county_11
1664,1,Registration,Family Child Care Home,6,False,False,False,False,county_22
86,5,Approval,Child Care Center,193,True,False,False,False,county_26
1375,5,Approval,Child Care Center,389,True,False,False,False,county_35
962,5,Approval,Child Care Center,131,True,False,False,False,county_4
1122,5,Approval,Child Care Center,40,True,False,False,False,county_29
1880,1,Registration,Family Child Care Home,6,False,False,False,False,county_30
1701,1,Approval,Child Care Center,20,False,False,False,False,county_26
1391,4,Approval,Child Care Center,343,True,False,False,False,county_33
99,5,Approval,Child Care Center,76,True,False,False,False,county_17
37,2,Approval,Child Care Center,160,True,False,False,False,county_37
299,4,Approval,Child Care Center,184,False,False,False,False,county_22
2325,3,Approval,Child Care Center,80,True,False,False,False,county_29
449,5,Approval,Child Care Center,100,True,False,False,False,county_17
530,3,Approval,Child Care Center,49,False,True,False,True,county_9
315,3,Approval,Child Care Center,40,True,False,False,False,county_35
766,2,Approval,Child Care Center,142,True,False,False,False,county_15
301,2,Registration,Family Child Care Home,6,False,False,False,False,county_0
904,5,Approval,Child Care Center,39,True,False,False,False,county_11
1308,4,Approval,Child Care Center,16,False,False,False,False,county_10
1938,4,Approval,Child Care Center,443,True,False,False,False,county_2
1839,5,Approval,Child Care Center,364,True,False,False,False,county_38
182,1,Registration,Family Child Care Home,6,False,False,False,False,county_40
1672,2,Approval,Child Care Center,199,True,False,False,False,county_27
1737,2,Approval,Child Care Center,130,True,False,False,False,county_25
1781,1,Registration,Family Child Care Home,6,False,False,False,False,county_33
1250,2,Approval,Child Care Center,74,True,False,False,False,county_9
2384,2,Approval,Child Care Center,114,False,False,False,False,county_9
771,3,Approval,Child Care Center,323,True,False,False,False,county_25
1159,2,Approval,Child Care Center,174,True,False,False,False,county_20
1320,3,Approval,Child Care Center,25,True,False,False,False,county_35
1725,2,Registration,Family Child Care Home,6,False,False,False,False,county_14
11,2,Approval,Child Care Center,120,True,False,False,False,county_11
747,1,Registration,Family Child Care Home,6,False,False,False,False,county_1
1312,5,Approval,Child Care Center,193,True,False,False,False,county_0
2031,4,Approval,Child Care Center,405,True,False,False,False,county_4
1606,3,Registration,Family Child Care Home,6,False,False,False,False,county_37
866,2,Approval,Child Care Center,40,True,False,False,False,county_29
716,2,Approval,Child Care Center,150,True,False,False,False,county_24
414,2,Approval,Child Care Center,168,True,False,False,False,county_9
1933,3,Approval,Child Care Center,258,True,False,False,False,county_34
2302,2,Registration,Family Child Care Home,6,False,False,False,False,county_11
481,1,Approval,Child Care Center,40,True,False,False,False,county_37
1631,5,Approval,Child Care Center,99,True,False,False,False,county_14
2016,1,Registration,Family Child Care Home,6,False,False,False,False,county_3
62,3,Registration,Family Child Care Home,6,False,False,False,False,county_39
2359,1,Registration,Family Child Care Home,6,False,False,False,False,county_18
474,1,Registration,Family Child Care Home,6,False,False,False,False,county_11
914,3,Registration,Family Child Care Home,6,False,False,False,False,county_39
109,2,Registration,Family Child Care Home,6,False,False,False,False,county_8
